,HLA,AUC,AUC01,PPV
0,HLA-A*01:01,0.9908715403272287,0.9300336535897408,0.9132947976878613
1,HLA-A*24:02,0.9758748676480063,0.8772657489598096,0.8826712581478293
2,HLA-C*01:02,0.9800638146705402,0.8543029449651657,0.8595213319458896
3,HLA-B*50:01,0.995911526715441,0.9610270345953409,0.9439383321653819
4,HLA-B*15:17,0.9560694960105911,0.659002254782744,0.7633587786259542
5,HLA-B*15:01,0.9857138706792651,0.8936335987759982,0.8920191193511008
6,HLA-B*48:01,0.9829517910045785,0.8406948559116617,0.8723404255319149
7,HLA-B*15:11,0.994091703820264,0.9524521374246,0.924119241192412
8,HLA-A*02:03,0.9680804556287236,0.7517017985720171,0.8021646111250944
9,HLA-A*26:03,0.9590854392298436,0.765397658899464,0.8333333333333334
10,HLA-B*49:01,0.9971881722013762,0.9729449393361862,0.9573985379379885
11,HLA-C*15:02,0.9916599676381057,0.9188830733622025,0.9033270558694287
12,HLA-A*80:01,0.9911262879289158,0.9180924473012572,0.9014084507042254
13,HLA-A*30:01,0.9464076826190227,0.6883383416888572,0.7611832611832612
14,HLA-B*41:01,0.9909086050500192,0.9518192992940468,0.9434343434343434
15,HLA-A*32:01,0.9883475296013886,0.9072725394168577,0.8978209658421673
16,HLA-A*24:03,0.9657309460246091,0.7749453019932153,0.8214285714285714
17,HLA-C*07:02,0.9845652718021591,0.8694249759667209,0.8781793842034806
18,HLA-B*44:27,0.9983684124653288,0.9836841246532876,0.9444444444444444
19,HLA-B*15:09,0.9729154849688032,0.735819625638117,0.8292682926829268
20,HLA-B*52:01,0.9853774954679118,0.9129754463719328,0.902676399026764
21,HLA-A*03:01,0.9836294377157047,0.8749152623044972,0.8793184599454015
22,HLA-A*29:02,0.9801324761264286,0.8844551694241388,0.8848505434782609
23,HLA-B*27:04,0.9941823213908264,0.9533153547203167,0.9442771084337349
24,HLA-B*27:03,0.9947525064742421,0.9724199379644535,0.9582806573957017
25,HLA-A*25:01,0.9961486765922251,0.9689050868486352,0.9479166666666666
26,HLA-C*03:04,0.9906984495528459,0.9133926542441392,0.9030574198359433
27,HLA-B*15:18,0.9981593117896305,0.981593117896305,0.9698025551684089
28,HLA-B*35:01,0.9810009071656713,0.8749607696490735,0.8792843034739166
29,HLA-B*08:01,0.9869868001060791,0.8994053781823589,0.8906057945566286
30,HLA-A*02:19,0.9854737276612276,0.860042735042735,0.8585858585858586
31,HLA-B*35:08,0.9871619875854681,0.9190240623457374,0.9061032863849765
32,HLA-A*02:06,0.9645718290885628,0.7248784055625538,0.7889658584858981
33,HLA-B*39:01,0.9930102855177501,0.937801804238386,0.9234835137175937
34,HLA-B*13:02,0.9961957302547186,0.9626958035550668,0.9411764705882353
35,HLA-A*02:17,0.9866290819659195,0.8721258006111166,0.8841201716738197
36,HLA-B*56:01,0.9916476023799167,0.9271500974771554,0.9320557491289199
37,HLA-B*45:01,0.9881507232522637,0.9240645332206957,0.9126984126984127
38,HLA-A*26:01,0.9885888120560136,0.9021048385018139,0.8941565600882029
39,HLA-C*02:02,0.9886339175547768,0.8904355661712177,0.8863966770508827
40,HLA-B*27:07,0.9967369192670494,0.975039222921428,0.9686539643515673
41,HLA-B*51:08,0.9966613101124419,0.9666131011244186,0.9495614035087719
42,HLA-A*33:01,0.9758426741114774,0.7762638577938613,0.8387395736793327
43,HLA-B*44:03,0.9955207506081182,0.9664101974511098,0.9537650858405575
44,HLA-A*02:07,0.9890778541962854,0.9334891431509257,0.9252873563218391
45,HLA-A*02:01,0.9603937436350994,0.7681357950542934,0.8126742395872342
46,HLA-B*45:06,0.9699070699708455,0.7779761904761904,0.8214285714285714
47,HLA-A*24:06,0.9805711915142838,0.9219837964469318,0.9008264462809917
48,HLA-B*35:03,0.9958051944512576,0.9590934692357308,0.9376543209876543
49,HLA-B*39:06,0.997168179475242,0.9716817947524206,0.948535233570863
50,HLA-A*68:02,0.953015635768902,0.7239246658174977,0.7815870570107858
51,HLA-A*02:05,0.9911977307474802,0.9168934886907218,0.9035486806187443
52,HLA-A*02:02,0.9583228311510155,0.6567987686932911,0.7609780439121756
53,HLA-C*08:02,0.9936118744208724,0.9372231699511377,0.9207862981704944
54,HLA-C*17:01,0.9894623300101707,0.9053841388571451,0.9002320185614849
55,HLA-A*32:07,0.9863459669582119,0.8634596695821186,0.8714285714285714
56,HLA-A*24:13,0.9785060142154183,0.9056519956260253,0.8983050847457628
57,HLA-B*27:05,0.9077594991844644,0.628433870345426,0.7043632397054813
58,HLA-C*07:01,0.9854255095552412,0.8706443207146928,0.8761329305135952
59,HLA-A*02:11,0.9570936139332366,0.6879048815887288,0.7621951219512195
60,HLA-B*83:01,0.9644097128137318,0.7124560585861434,0.7782101167315175
61,HLA-B*51:01,0.9782439724952041,0.8608005964717234,0.8673100120627262
62,HLA-C*04:01,0.9722744059632317,0.8317188287307293,0.8523764926246781
63,HLA-A*32:15,0.9894007914075749,0.8979649519502544,0.896551724137931
64,HLA-A*66:01,0.921178413139828,0.5456678543495264,0.6621621621621622
65,HLA-B*07:02,0.9893856085566558,0.9238274302737405,0.9130401293999846
66,HLA-B*14:01,0.9970301930374526,0.9703019303745256,0.9473684210526315
67,HLA-B*18:03,0.9934354022404337,0.9350845986066112,0.9245283018867925
68,HLA-B*14:02,0.9910277739647078,0.9198077614748668,0.9157795867251096
69,HLA-B*53:01,0.9718237087970786,0.8213074496158232,0.8580152671755725
70,HLA-A*69:01,0.9737556483342784,0.8014248979147695,0.8307210031347962
71,HLA-B*27:09,0.9753800811710455,0.8572384649763046,0.8637387387387387
72,HLA-A*02:20,0.9958682888857453,0.9587728777254962,0.940149625935162
73,HLA-A*68:23,0.9513824349442379,0.6726301115241636,0.796875
74,HLA-B*57:03,0.9861003216505773,0.9050747140363596,0.9023625843780135
75,HLA-B*57:01,0.9760800915009308,0.871876208151938,0.8762334838601773
76,HLA-B*54:01,0.9716800163673427,0.8546401433740312,0.8701964133219471
77,HLA-B*40:02,0.9925069525382602,0.9393119828926152,0.9310252996005326
78,HLA-B*58:01,0.9802983815239827,0.8848108742036249,0.8838155515370705
79,HLA-B*38:01,0.9982742170591007,0.9835227891831044,0.9705033664636101
80,HLA-B*37:01,0.996257323762769,0.966274242800354,0.9515235457063712
81,HLA-A*26:02,0.958995421492055,0.7632642068408296,0.7978723404255319
82,HLA-B*15:42,0.954616374481035,0.6892242493766476,0.7597173144876325
83,HLA-A*23:01,0.9903963147371738,0.921971723292992,0.9065824468085106
84,HLA-A*02:50,0.9743832120238207,0.7438321202382078,0.8028169014084507
85,HLA-B*27:08,0.9947300533202031,0.9607085267435678,0.9484223300970874
86,HLA-A*68:01,0.9877098666009332,0.891972577947418,0.8856223489834723
87,HLA-A*31:01,0.977677230455833,0.8178895253905245,0.8408003479773815
88,HLA-B*27:20,0.9780464950247646,0.7868457453928874,0.8356164383561644
89,HLA-B*46:01,0.9856478022145042,0.8882994140322625,0.8855054811205847
90,HLA-B*40:01,0.9903062808921855,0.933445036371125,0.9242458607393967
91,HLA-B*73:01,0.9944102203308394,0.9461556501246939,0.9436274509803921
92,HLA-B*27:06,0.9914912089369038,0.961889265964408,0.948093220338983
93,HLA-A*02:16,0.9591239069460485,0.7074327668701537,0.7960526315789473
94,HLA-C*16:01,0.989310791980177,0.896870240742462,0.8920323325635104
95,HLA-A*02:12,0.9633210788910981,0.7663559290242713,0.8079710144927537
96,HLA-B*15:03,0.9409026418187367,0.597722347323101,0.7247706422018348
97,HLA-C*06:02,0.9795371465167855,0.8550336547369006,0.8635946392509638
98,HLA-B*27:01,0.9978226359982346,0.9813159246682623,0.9651282051282051
99,HLA-C*14:02,0.9960592806085939,0.9626087450308649,0.9529243937232525
100,HLA-C*03:03,0.9854726246018616,0.8860643893676698,0.8858010275572162
101,HLA-B*15:02,0.9883816717126871,0.8838167171268708,0.8720379146919431
102,HLA-B*39:24,0.996237462389678,0.9623746238967806,0.9404517453798767
103,HLA-A*02:04,0.9883079590240301,0.9254091620715084,0.9154191616766467
104,HLA-B*27:02,0.996556149399717,0.9745704089834646,0.9654901960784313
105,HLA-B*18:01,0.9906929516225269,0.9373542147891275,0.9220489977728286
106,HLA-C*05:01,0.9898964614454173,0.9243110987810227,0.9128263337116913
107,HLA-C*12:03,0.9907592004444304,0.9109480195910348,0.9053803339517625
108,HLA-A*30:02,0.9462160355196314,0.6859126914657183,0.7834319526627219
109,HLA-A*11:01,0.9803512326283066,0.8673267940388125,0.8747933428854844
110,HLA-B*44:02,0.9938790719077193,0.9538843276256437,0.9386825024167933
111,HLA-C*07:04,0.9898974760518804,0.9045877807040916,0.8975220495590088
