HLA,count
HLA-B*44:27,281
HLA-A*32:15,302
HLA-A*68:23,333
HLA-A*26:03,343
HLA-A*32:07,364
HLA-A*02:50,369
HLA-B*27:20,380
HLA-A*66:01,385
HLA-B*14:01,395
HLA-B*15:09,426
HLA-B*48:01,489
HLA-A*25:01,499
HLA-A*24:13,614
HLA-A*80:01,738
HLA-A*02:16,790
HLA-A*26:02,978
HLA-A*02:19,1030
HLA-B*15:02,1097
HLA-B*18:03,1103
HLA-A*02:17,1212
HLA-A*24:06,1258
HLA-B*83:01,1334
HLA-A*02:12,1435
HLA-B*45:06,1456
HLA-B*15:42,1472
HLA-A*24:03,1602
HLA-B*15:03,1700
HLA-A*02:11,1706
HLA-B*15:17,2044
HLA-B*73:01,2122
HLA-B*52:01,2137
HLA-C*17:01,2240
HLA-B*51:08,2372
HLA-B*39:24,2533
HLA-B*41:01,2574
HLA-B*56:01,2985
HLA-B*53:01,3406
HLA-B*15:11,3838
HLA-B*27:03,4114
HLA-A*02:20,4169
HLA-A*30:02,4394
HLA-B*15:18,4474
HLA-B*27:06,4907
HLA-A*69:01,4971
HLA-B*35:08,5535
HLA-A*33:01,5611
HLA-B*54:01,6088
HLA-B*39:06,6564
HLA-A*02:04,6947
HLA-A*30:01,7206
HLA-B*50:01,7418
HLA-C*15:02,8279
HLA-C*12:03,8402
HLA-B*27:07,8458
HLA-B*46:01,8534
HLA-B*27:08,8569
HLA-A*26:01,9428
HLA-C*01:02,9992
HLA-B*27:04,10352
HLA-A*02:02,10414
HLA-C*14:02,10929
HLA-A*02:05,11424
HLA-B*18:01,11670
HLA-B*45:01,11788
HLA-C*07:04,12370
HLA-B*13:02,13250
HLA-B*27:02,13259
HLA-A*02:07,13565
HLA-B*27:01,15203
HLA-C*07:02,15525
HLA-A*23:01,15629
HLA-B*38:01,16207
HLA-B*14:02,16596
HLA-B*35:03,16830
HLA-A*32:01,17646
HLA-C*16:01,17999
HLA-B*37:01,18753
HLA-C*07:01,18918
HLA-B*49:01,20612
HLA-B*39:01,20635
HLA-A*02:03,20646
HLA-C*03:04,20902
HLA-A*02:06,20988
HLA-B*57:03,21554
HLA-C*03:03,22236
HLA-C*05:01,22886
HLA-B*40:01,22908
HLA-B*58:01,22988
HLA-B*27:09,23066
HLA-A*31:01,23885
HLA-C*02:02,25005
HLA-B*51:01,25843
HLA-C*08:02,26689
HLA-A*68:02,26965
HLA-C*06:02,28286
HLA-B*08:01,29571
HLA-B*44:03,30564
HLA-A*29:02,30589
HLA-A*68:01,35489
HLA-B*44:02,37601
HLA-B*40:02,39009
HLA-A*24:02,42228
HLA-A*01:01,44039
HLA-C*04:01,44318
HLA-B*35:01,44670
HLA-A*11:01,47100
HLA-A*03:01,55123
HLA-B*57:01,62110
HLA-B*07:02,67362
HLA-B*15:01,71581
HLA-A*02:01,124449
HLA-B*27:05,189994
