,HLA,AUC_x,AUC01_x,PPV_x,Datafraction_x,Method_x,AUC_y,AUC01_y,PPV_y,Datafraction_y,Method_y,Method,diffAUC01,count
95,HLA-B*83:01,0.9644097128137318,0.7124560585861434,0.7782101167315175,9100%,Embedding-d20,0.9639870081542258,0.7369295745134381,0.7898832684824902,9100%,Embedding-Attention-d64,100pEmbedding-Baseline-d20 vs 100pEmbedding-Attention-d64,0.024473515927294742,1334
90,HLA-B*56:01,0.9916476023799168,0.9271500974771554,0.93205574912892,9100%,Embedding-d20,0.993037139591044,0.9504203295869542,0.9390243902439024,9100%,Embedding-Attention-d64,100pEmbedding-Baseline-d20 vs 100pEmbedding-Attention-d64,0.02327023210979884,2985
47,HLA-B*15:03,0.9409026418187368,0.597722347323101,0.7247706422018348,9100%,Embedding-d20,0.943945154586822,0.6207728338801393,0.7308868501529052,9100%,Embedding-Attention-d64,100pEmbedding-Baseline-d20 vs 100pEmbedding-Attention-d64,0.02305048655703823,1700
89,HLA-B*54:01,0.9716800163673428,0.8546401433740312,0.8701964133219471,9100%,Embedding-d20,0.975955168347949,0.8771096356651066,0.8847139197267293,9100%,Embedding-Attention-d64,100pEmbedding-Baseline-d20 vs 100pEmbedding-Attention-d64,0.02246949229107542,6088
28,HLA-A*30:02,0.9462160355196314,0.6859126914657183,0.7834319526627219,9100%,Embedding-d20,0.9486210800275432,0.706373826446653,0.7964497041420119,9100%,Embedding-Attention-d64,100pEmbedding-Baseline-d20 vs 100pEmbedding-Attention-d64,0.020461134980934714,4394
2,HLA-A*02:02,0.9583228311510156,0.6567987686932911,0.7609780439121756,9100%,Embedding-d20,0.960347942640284,0.6703065331880828,0.7729540918163673,9100%,Embedding-Attention-d64,100pEmbedding-Baseline-d20 vs 100pEmbedding-Attention-d64,0.01350776449479163,10414
25,HLA-A*26:03,0.9590854392298436,0.765397658899464,0.8333333333333334,9100%,Embedding-d20,0.9615468767093316,0.7767202713051088,0.8181818181818182,9100%,Embedding-Attention-d64,100pEmbedding-Baseline-d20 vs 100pEmbedding-Attention-d64,0.011322612405644805,343
37,HLA-A*68:23,0.951382434944238,0.6726301115241636,0.796875,9100%,Embedding-d20,0.948710501858736,0.6832597583643124,0.796875,9100%,Embedding-Attention-d64,100pEmbedding-Baseline-d20 vs 100pEmbedding-Attention-d64,0.010629646840148776,333
29,HLA-A*31:01,0.977677230455833,0.8178895253905245,0.8408003479773815,9100%,Embedding-d20,0.9789828222139272,0.8284010827676976,0.8438451500652457,9100%,Embedding-Attention-d64,100pEmbedding-Baseline-d20 vs 100pEmbedding-Attention-d64,0.01051155737717313,23885
22,HLA-A*25:01,0.9961486765922252,0.9689050868486352,0.9479166666666666,9100%,Embedding-d20,0.9970016542597188,0.9792442100909844,0.9791666666666666,9100%,Embedding-Attention-d64,100pEmbedding-Baseline-d20 vs 100pEmbedding-Attention-d64,0.010339123242349202,499
19,HLA-A*24:03,0.9657309460246092,0.7749453019932153,0.8214285714285714,9100%,Embedding-d20,0.969047953592003,0.7847457797225956,0.8116883116883117,9100%,Embedding-Attention-d64,100pEmbedding-Baseline-d20 vs 100pEmbedding-Attention-d64,0.009800477729380308,1602
36,HLA-A*68:02,0.953015635768902,0.7239246658174977,0.7815870570107858,9100%,Embedding-d20,0.954952428146224,0.7336448388141629,0.7862095531587057,9100%,Embedding-Attention-d64,100pEmbedding-Baseline-d20 vs 100pEmbedding-Attention-d64,0.009720172996665166,26965
59,HLA-B*27:05,0.9077594991844644,0.628433870345426,0.7043632397054813,9100%,Embedding-d20,0.9130698225993914,0.6373579784848407,0.7104445050449959,9100%,Embedding-Attention-d64,100pEmbedding-Baseline-d20 vs 100pEmbedding-Attention-d64,0.008924108139414688,189994
111,HLA-C*17:01,0.9894623300101708,0.9053841388571452,0.9002320185614849,9100%,Embedding-d20,0.9903332012276846,0.914242912788468,0.9048723897911832,9100%,Embedding-Attention-d64,100pEmbedding-Baseline-d20 vs 100pEmbedding-Attention-d64,0.008858773931322839,2240
85,HLA-B*51:01,0.978243972495204,0.8608005964717234,0.8673100120627262,9100%,Embedding-d20,0.9804693014533784,0.8695639193565514,0.8731403297145155,9100%,Embedding-Attention-d64,100pEmbedding-Baseline-d20 vs 100pEmbedding-Attention-d64,0.008763322884828062,25843
16,HLA-A*11:01,0.9803512326283066,0.8673267940388125,0.8747933428854844,9100%,Embedding-d20,0.9812123693337432,0.8759069135360675,0.877438553951284,9100%,Embedding-Attention-d64,100pEmbedding-Baseline-d20 vs 100pEmbedding-Attention-d64,0.008580119497255012,47100
1,HLA-A*02:01,0.9603937436350994,0.7681357950542934,0.8126742395872342,9100%,Embedding-d20,0.9615564437310904,0.7766911377127853,0.817001622768693,9100%,Embedding-Attention-d64,100pEmbedding-Baseline-d20 vs 100pEmbedding-Attention-d64,0.008555342658491893,124449
96,HLA-C*01:02,0.9800638146705402,0.8543029449651657,0.8595213319458896,9100%,Embedding-d20,0.9815189542079128,0.8627178679788067,0.8652445369406868,9100%,Embedding-Attention-d64,100pEmbedding-Baseline-d20 vs 100pEmbedding-Attention-d64,0.008414923013640996,9992
48,HLA-B*15:09,0.9729154849688032,0.735819625638117,0.8292682926829268,9100%,Embedding-d20,0.9717456040839476,0.7437606352807715,0.8048780487804879,9100%,Embedding-Attention-d64,100pEmbedding-Baseline-d20 vs 100pEmbedding-Attention-d64,0.00794100964265454,426
15,HLA-A*03:01,0.9836294377157048,0.8749152623044972,0.8793184599454015,9100%,Embedding-d20,0.984459655591482,0.882788056866223,0.8842134990115786,9100%,Embedding-Attention-d64,100pEmbedding-Baseline-d20 vs 100pEmbedding-Attention-d64,0.007872794561725738,55123
14,HLA-A*02:50,0.9743832120238208,0.7438321202382078,0.8028169014084507,9100%,Embedding-d20,0.9749503733812268,0.7515833254560923,0.8028169014084507,9100%,Embedding-Attention-d64,100pEmbedding-Baseline-d20 vs 100pEmbedding-Attention-d64,0.007751205217884527,369
31,HLA-A*32:07,0.986345966958212,0.8634596695821186,0.8714285714285714,9100%,Embedding-d20,0.9870748299319728,0.8710398445092323,0.8714285714285714,9100%,Embedding-Attention-d64,100pEmbedding-Baseline-d20 vs 100pEmbedding-Attention-d64,0.007580174927113714,364
9,HLA-A*02:12,0.963321078891098,0.7663559290242713,0.8079710144927537,9100%,Embedding-d20,0.9619049405409462,0.7738899100924085,0.8043478260869565,9100%,Embedding-Attention-d64,100pEmbedding-Baseline-d20 vs 100pEmbedding-Attention-d64,0.0075339810681371855,1435
82,HLA-B*48:01,0.9829517910045784,0.8406948559116617,0.8723404255319149,9100%,Embedding-d20,0.9835173713977916,0.8479666038244008,0.851063829787234,9100%,Embedding-Attention-d64,100pEmbedding-Baseline-d20 vs 100pEmbedding-Attention-d64,0.007271747912739102,489
54,HLA-B*18:03,0.9934354022404336,0.9350845986066112,0.9245283018867924,9100%,Embedding-d20,0.9937318679457045,0.9414903754526396,0.9198113207547168,9100%,Embedding-Attention-d64,100pEmbedding-Baseline-d20 vs 100pEmbedding-Attention-d64,0.006405776846028388,1103
67,HLA-B*35:08,0.987161987585468,0.9190240623457374,0.9061032863849764,9100%,Embedding-d20,0.9877356607954964,0.9243805862767958,0.9070422535211268,9100%,Embedding-Attention-d64,100pEmbedding-Baseline-d20 vs 100pEmbedding-Attention-d64,0.0053565239310583435,5535
63,HLA-B*27:09,0.9753800811710456,0.8572384649763046,0.8637387387387387,9100%,Embedding-d20,0.9762682794466322,0.8625785857800247,0.8677927927927928,9100%,Embedding-Attention-d64,100pEmbedding-Baseline-d20 vs 100pEmbedding-Attention-d64,0.005340120803720039,23066
91,HLA-B*57:01,0.9760800915009308,0.871876208151938,0.8762334838601773,9100%,Embedding-d20,0.977555555913502,0.8769601908775679,0.8784913865194849,9100%,Embedding-Attention-d64,100pEmbedding-Baseline-d20 vs 100pEmbedding-Attention-d64,0.005083982725629932,62110
7,HLA-A*02:07,0.9890778541962854,0.9334891431509256,0.9252873563218392,9100%,Embedding-d20,0.9902263701558623,0.9376696027461698,0.928352490421456,9100%,Embedding-Attention-d64,100pEmbedding-Baseline-d20 vs 100pEmbedding-Attention-d64,0.004180459595244268,13565
99,HLA-C*03:04,0.990698449552846,0.9133926542441392,0.9030574198359432,9100%,Embedding-d20,0.991188581115662,0.9175038716667628,0.9047974148645288,9100%,Embedding-Attention-d64,100pEmbedding-Baseline-d20 vs 100pEmbedding-Attention-d64,0.004111217422623659,20902
78,HLA-B*44:27,0.9983684124653288,0.9836841246532876,0.9444444444444444,9100%,Embedding-d20,0.9987763093489964,0.9877630934899658,0.9444444444444444,9100%,Embedding-Attention-d64,100pEmbedding-Baseline-d20 vs 100pEmbedding-Attention-d64,0.004078968836678243,281
18,HLA-A*24:02,0.9758748676480063,0.8772657489598096,0.8826712581478293,9100%,Embedding-d20,0.9765046479653656,0.8810054109015752,0.8868527856352232,9100%,Embedding-Attention-d64,100pEmbedding-Baseline-d20 vs 100pEmbedding-Attention-d64,0.0037396619417656707,42228
74,HLA-B*40:02,0.9925069525382602,0.9393119828926152,0.9310252996005326,9100%,Embedding-d20,0.9930533102122449,0.9430429490945308,0.9315579227696404,9100%,Embedding-Attention-d64,100pEmbedding-Baseline-d20 vs 100pEmbedding-Attention-d64,0.0037309662019155976,39009
75,HLA-B*41:01,0.9909086050500192,0.9518192992940468,0.9434343434343434,9100%,Embedding-d20,0.9912078942381972,0.9552310016956485,0.9494949494949496,9100%,Embedding-Attention-d64,100pEmbedding-Baseline-d20 vs 100pEmbedding-Attention-d64,0.0034117024016016018,2574
10,HLA-A*02:16,0.9591239069460484,0.7074327668701537,0.7960526315789473,9100%,Embedding-d20,0.9573296485728428,0.7107119287246328,0.7763157894736842,9100%,Embedding-Attention-d64,100pEmbedding-Baseline-d20 vs 100pEmbedding-Attention-d64,0.0032791618544791845,790
81,HLA-B*46:01,0.9856478022145042,0.8882994140322625,0.8855054811205847,9100%,Embedding-d20,0.9860901587252212,0.8914438035802776,0.889768574908648,9100%,Embedding-Attention-d64,100pEmbedding-Baseline-d20 vs 100pEmbedding-Attention-d64,0.003144389548015103,8534
79,HLA-B*45:01,0.9881507232522636,0.9240645332206956,0.9126984126984128,9100%,Embedding-d20,0.988313635639441,0.9272025940005632,0.9153439153439152,9100%,Embedding-Attention-d64,100pEmbedding-Baseline-d20 vs 100pEmbedding-Attention-d64,0.0031380607798675575,11788
61,HLA-B*27:07,0.9967369192670494,0.975039222921428,0.9686539643515673,9100%,Embedding-d20,0.9968659452906268,0.9778787851794988,0.9643515673017824,9100%,Embedding-Attention-d64,100pEmbedding-Baseline-d20 vs 100pEmbedding-Attention-d64,0.0028395622580708046,8458
68,HLA-B*37:01,0.996257323762769,0.966274242800354,0.9515235457063712,9100%,Embedding-d20,0.9965588901960132,0.9689782522043314,0.9506925207756232,9100%,Embedding-Attention-d64,100pEmbedding-Baseline-d20 vs 100pEmbedding-Attention-d64,0.0027040094039774143,18753
4,HLA-A*02:04,0.98830795902403,0.9254091620715084,0.9154191616766468,9100%,Embedding-d20,0.9887297673410976,0.9280886186991548,0.9154191616766468,9100%,Embedding-Attention-d64,100pEmbedding-Baseline-d20 vs 100pEmbedding-Attention-d64,0.0026794566276464593,6947
92,HLA-B*57:03,0.9861003216505771,0.9050747140363596,0.9023625843780136,9100%,Embedding-d20,0.9865908958448916,0.907636165207998,0.9026036644165863,9100%,Embedding-Attention-d64,100pEmbedding-Baseline-d20 vs 100pEmbedding-Attention-d64,0.002561451171638307,21554
93,HLA-B*58:01,0.9802983815239829,0.8848108742036249,0.8838155515370705,9100%,Embedding-d20,0.9804730314715956,0.8873522144982627,0.8872061482820977,9100%,Embedding-Attention-d64,100pEmbedding-Baseline-d20 vs 100pEmbedding-Attention-d64,0.002541340294637817,22988
62,HLA-B*27:08,0.9947300533202031,0.9607085267435678,0.9484223300970874,9100%,Embedding-d20,0.9954851072365938,0.9629627291639488,0.950242718446602,9100%,Embedding-Attention-d64,100pEmbedding-Baseline-d20 vs 100pEmbedding-Attention-d64,0.0022542024203809907,8569
65,HLA-B*35:01,0.9810009071656712,0.8749607696490735,0.8792843034739166,9100%,Embedding-d20,0.981793436367268,0.8772147451021812,0.8810270709887301,9100%,Embedding-Attention-d64,100pEmbedding-Baseline-d20 vs 100pEmbedding-Attention-d64,0.0022539754531076817,44670
13,HLA-A*02:20,0.9958682888857452,0.9587728777254962,0.940149625935162,9100%,Embedding-d20,0.996099371411092,0.960993714110921,0.9389027431421446,9100%,Embedding-Attention-d64,100pEmbedding-Baseline-d20 vs 100pEmbedding-Attention-d64,0.002220836385424807,4169
76,HLA-B*44:02,0.9938790719077192,0.9538843276256436,0.9386825024167932,9100%,Embedding-d20,0.9940929920000642,0.9557484380683196,0.9393730147769646,9100%,Embedding-Attention-d64,100pEmbedding-Baseline-d20 vs 100pEmbedding-Attention-d64,0.0018641104426759814,37601
33,HLA-A*33:01,0.9758426741114774,0.7762638577938613,0.8387395736793327,9100%,Embedding-d20,0.976631115404656,0.778098816612093,0.8368860055607044,9100%,Embedding-Attention-d64,100pEmbedding-Baseline-d20 vs 100pEmbedding-Attention-d64,0.0018349588182317023,5611
105,HLA-C*07:04,0.9898974760518804,0.9045877807040916,0.8975220495590088,9100%,Embedding-d20,0.989955456672226,0.9063174027339356,0.8975220495590088,9100%,Embedding-Attention-d64,100pEmbedding-Baseline-d20 vs 100pEmbedding-Attention-d64,0.0017296220298439469,12370
108,HLA-C*14:02,0.996059280608594,0.9626087450308648,0.9529243937232524,9100%,Embedding-d20,0.99604023537857,0.9643326211979714,0.9495958155016644,9100%,Embedding-Attention-d64,100pEmbedding-Baseline-d20 vs 100pEmbedding-Attention-d64,0.0017238761671065639,10929
0,HLA-A*01:01,0.9908715403272288,0.9300336535897408,0.9132947976878611,9100%,Embedding-d20,0.9910634818044984,0.9315721609361808,0.9149463253509496,9100%,Embedding-Attention-d64,100pEmbedding-Baseline-d20 vs 100pEmbedding-Attention-d64,0.00153850734644001,44039
45,HLA-B*15:01,0.9857138706792652,0.8936335987759982,0.8920191193511008,9100%,Embedding-d20,0.9857926141548236,0.8948001294132776,0.8898464658169177,9100%,Embedding-Attention-d64,100pEmbedding-Baseline-d20 vs 100pEmbedding-Attention-d64,0.0011665306372793394,71581
100,HLA-C*04:01,0.9722744059632316,0.8317188287307293,0.8523764926246781,9100%,Embedding-d20,0.9724763833335986,0.8327758623966436,0.8537813158510887,9100%,Embedding-Attention-d64,100pEmbedding-Baseline-d20 vs 100pEmbedding-Attention-d64,0.0010570336659142532,44318
77,HLA-B*44:03,0.9955207506081182,0.9664101974511098,0.9537650858405576,9100%,Embedding-d20,0.9953741545623772,0.9674536254802336,0.9547849736528982,9100%,Embedding-Attention-d64,100pEmbedding-Baseline-d20 vs 100pEmbedding-Attention-d64,0.0010434280291238274,30564
51,HLA-B*15:18,0.9981593117896304,0.981593117896305,0.9698025551684089,9100%,Embedding-d20,0.9982615365278242,0.9826153652782424,0.9616724738675958,9100%,Embedding-Attention-d64,100pEmbedding-Baseline-d20 vs 100pEmbedding-Attention-d64,0.0010222473819374578,4474
26,HLA-A*29:02,0.9801324761264286,0.8844551694241388,0.8848505434782609,9100%,Embedding-d20,0.9802752709085444,0.8854022162124223,0.8863790760869565,9100%,Embedding-Attention-d64,100pEmbedding-Baseline-d20 vs 100pEmbedding-Attention-d64,0.000947046788283501,30589
84,HLA-B*50:01,0.995911526715441,0.9610270345953408,0.943938332165382,9100%,Embedding-d20,0.996074115845574,0.9619279421351136,0.9453398738612474,9100%,Embedding-Attention-d64,100pEmbedding-Baseline-d20 vs 100pEmbedding-Attention-d64,0.0009009075397727884,7418
101,HLA-C*05:01,0.9898964614454172,0.9243110987810228,0.9128263337116912,9100%,Embedding-d20,0.9899575420619428,0.9252067635681422,0.9098751418842224,9100%,Embedding-Attention-d64,100pEmbedding-Baseline-d20 vs 100pEmbedding-Attention-d64,0.0008956647871194434,22886
56,HLA-B*27:02,0.996556149399717,0.9745704089834646,0.9654901960784312,9100%,Embedding-d20,0.9971338749338564,0.9752215380502748,0.9639215686274508,9100%,Embedding-Attention-d64,100pEmbedding-Baseline-d20 vs 100pEmbedding-Attention-d64,0.0006511290668101966,13259
40,HLA-B*07:02,0.9893856085566558,0.9238274302737404,0.9130401293999846,9100%,Embedding-d20,0.9894054073518036,0.9244171207725524,0.9114996533928984,9100%,Embedding-Attention-d64,100pEmbedding-Baseline-d20 vs 100pEmbedding-Attention-d64,0.0005896904988120788,67362
97,HLA-C*02:02,0.9886339175547768,0.8904355661712177,0.8863966770508827,9100%,Embedding-d20,0.9887400638894162,0.8909887738344502,0.8839044652128765,9100%,Embedding-Attention-d64,100pEmbedding-Baseline-d20 vs 100pEmbedding-Attention-d64,0.0005532076632325245,25005
35,HLA-A*68:01,0.9877098666009332,0.891972577947418,0.8856223489834723,9100%,Embedding-d20,0.9878476862280692,0.8923683639808695,0.8870849787918678,9100%,Embedding-Attention-d64,100pEmbedding-Baseline-d20 vs 100pEmbedding-Attention-d64,0.0003957860334514729,35489
44,HLA-B*14:02,0.9910277739647078,0.9198077614748668,0.9157795867251096,9100%,Embedding-d20,0.991114292234068,0.9201375050612076,0.9135879774577332,9100%,Embedding-Attention-d64,100pEmbedding-Baseline-d20 vs 100pEmbedding-Attention-d64,0.0003297435863408582,16596
60,HLA-B*27:06,0.9914912089369038,0.961889265964408,0.948093220338983,9100%,Embedding-d20,0.991953910536873,0.9621290368108392,0.948093220338983,9100%,Embedding-Attention-d64,100pEmbedding-Baseline-d20 vs 100pEmbedding-Attention-d64,0.0002397708464311199,4907
83,HLA-B*49:01,0.9971881722013762,0.9729449393361862,0.9573985379379883,9100%,Embedding-d20,0.9972500524945096,0.9731433318570004,0.95613813965213,9100%,Embedding-Attention-d64,100pEmbedding-Baseline-d20 vs 100pEmbedding-Attention-d64,0.00019839252081421677,20612
107,HLA-C*12:03,0.9907592004444304,0.9109480195910348,0.9053803339517624,9100%,Embedding-d20,0.9908147998262749,0.9110077205666216,0.9004329004329005,9100%,Embedding-Attention-d64,100pEmbedding-Baseline-d20 vs 100pEmbedding-Attention-d64,5.970097558682941e-05,8402
86,HLA-B*51:08,0.996661310112442,0.9666131011244186,0.949561403508772,9100%,Embedding-d20,0.9966590209867048,0.9665902098670476,0.9605263157894736,9100%,Embedding-Attention-d64,100pEmbedding-Baseline-d20 vs 100pEmbedding-Attention-d64,-2.2891257370982743e-05,2372
94,HLA-B*73:01,0.9944102203308394,0.946155650124694,0.943627450980392,9100%,Embedding-d20,0.99455607797378,0.945941153590958,0.943627450980392,9100%,Embedding-Attention-d64,100pEmbedding-Baseline-d20 vs 100pEmbedding-Attention-d64,-0.0002144965337360638,2122
55,HLA-B*27:01,0.9978226359982346,0.9813159246682625,0.9651282051282052,9100%,Embedding-d20,0.9979159583606562,0.9808772831121748,0.963076923076923,9100%,Embedding-Attention-d64,100pEmbedding-Baseline-d20 vs 100pEmbedding-Attention-d64,-0.0004386415560876378,15203
5,HLA-A*02:05,0.9911977307474802,0.9168934886907218,0.9035486806187444,9100%,Embedding-d20,0.9910647097148206,0.916273381374432,0.9021838034576888,9100%,Embedding-Attention-d64,100pEmbedding-Baseline-d20 vs 100pEmbedding-Attention-d64,-0.0006201073162898085,11424
71,HLA-B*39:06,0.997168179475242,0.9716817947524206,0.948535233570863,9100%,Embedding-d20,0.9970486155452823,0.9710326694062564,0.9517022961203484,9100%,Embedding-Attention-d64,100pEmbedding-Baseline-d20 vs 100pEmbedding-Attention-d64,-0.0006491253461641255,6564
58,HLA-B*27:04,0.9941823213908264,0.9533153547203168,0.9442771084337348,9100%,Embedding-d20,0.9943909609730788,0.9526503141753618,0.9407630522088354,9100%,Embedding-Attention-d64,100pEmbedding-Baseline-d20 vs 100pEmbedding-Attention-d64,-0.0006650405449549757,10352
57,HLA-B*27:03,0.994752506474242,0.9724199379644536,0.9582806573957016,9100%,Embedding-d20,0.9946463620028664,0.9717526354454816,0.9519595448798988,9100%,Embedding-Attention-d64,100pEmbedding-Baseline-d20 vs 100pEmbedding-Attention-d64,-0.0006673025189719572,4114
73,HLA-B*40:01,0.9903062808921856,0.933445036371125,0.9242458607393969,9100%,Embedding-d20,0.9904673238453388,0.9326190521525496,0.9249262871399412,9100%,Embedding-Attention-d64,100pEmbedding-Baseline-d20 vs 100pEmbedding-Attention-d64,-0.0008259842185753818,22908
53,HLA-B*18:01,0.9906929516225268,0.9373542147891276,0.9220489977728286,9100%,Embedding-d20,0.9902750231873956,0.9359895553336918,0.9220489977728286,9100%,Embedding-Attention-d64,100pEmbedding-Baseline-d20 vs 100pEmbedding-Attention-d64,-0.001364659455435846,11670
110,HLA-C*16:01,0.989310791980177,0.896870240742462,0.8920323325635104,9100%,Embedding-d20,0.9889047878379096,0.89536594792692,0.8926096997690531,9100%,Embedding-Attention-d64,100pEmbedding-Baseline-d20 vs 100pEmbedding-Attention-d64,-0.0015042928155419855,17999
70,HLA-B*39:01,0.99301028551775,0.937801804238386,0.9234835137175936,9100%,Embedding-d20,0.9926970062566424,0.9362201129379402,0.922728416813491,9100%,Embedding-Attention-d64,100pEmbedding-Baseline-d20 vs 100pEmbedding-Attention-d64,-0.001581691300445831,20635
38,HLA-A*69:01,0.9737556483342784,0.8014248979147695,0.8307210031347962,9100%,Embedding-d20,0.9712341704764776,0.7995922317864487,0.8307210031347962,9100%,Embedding-Attention-d64,100pEmbedding-Baseline-d20 vs 100pEmbedding-Attention-d64,-0.0018326661283207812,4971
3,HLA-A*02:03,0.9680804556287236,0.7517017985720171,0.8021646111250944,9100%,Embedding-d20,0.968506168511742,0.7498014283391843,0.8079536873898817,9100%,Embedding-Attention-d64,100pEmbedding-Baseline-d20 vs 100pEmbedding-Attention-d64,-0.0019003702328328487,20646
21,HLA-A*24:13,0.9785060142154184,0.9056519956260252,0.8983050847457628,9100%,Embedding-d20,0.9747983870967742,0.90367003827228,0.8983050847457628,9100%,Embedding-Attention-d64,100pEmbedding-Baseline-d20 vs 100pEmbedding-Attention-d64,-0.0019819573537451785,614
98,HLA-C*03:03,0.9854726246018616,0.8860643893676698,0.8858010275572162,9100%,Embedding-d20,0.9850838579800982,0.8837758848876185,0.884866884633349,9100%,Embedding-Attention-d64,100pEmbedding-Baseline-d20 vs 100pEmbedding-Attention-d64,-0.0022885044800513565,22236
6,HLA-A*02:06,0.9645718290885628,0.7248784055625538,0.7889658584858981,9100%,Embedding-d20,0.9647001290532964,0.7223433571014323,0.7889658584858981,9100%,Embedding-Attention-d64,100pEmbedding-Baseline-d20 vs 100pEmbedding-Attention-d64,-0.002535048461121514,20988
69,HLA-B*38:01,0.9982742170591008,0.9835227891831044,0.97050336646361,9100%,Embedding-d20,0.998035911100903,0.9806880555409662,0.9666559794806028,9100%,Embedding-Attention-d64,100pEmbedding-Baseline-d20 vs 100pEmbedding-Attention-d64,-0.002834733642138265,16207
11,HLA-A*02:17,0.9866290819659196,0.8721258006111166,0.8841201716738197,9100%,Embedding-d20,0.9869052681417054,0.8690526814170542,0.8798283261802575,9100%,Embedding-Attention-d64,100pEmbedding-Baseline-d20 vs 100pEmbedding-Attention-d64,-0.0030731191940623903,1212
42,HLA-B*13:02,0.9961957302547186,0.9626958035550668,0.9411764705882352,9100%,Embedding-d20,0.9958506871907642,0.9593740150265714,0.9431372549019608,9100%,Embedding-Attention-d64,100pEmbedding-Baseline-d20 vs 100pEmbedding-Attention-d64,-0.0033217885284954063,13250
41,HLA-B*08:01,0.9869868001060792,0.8994053781823589,0.8906057945566286,9100%,Embedding-d20,0.9865979495170466,0.8956821246913561,0.8920105355575065,9100%,Embedding-Attention-d64,100pEmbedding-Baseline-d20 vs 100pEmbedding-Attention-d64,-0.003723253491002776,29571
23,HLA-A*26:01,0.9885888120560136,0.902104838501814,0.8941565600882029,9100%,Embedding-d20,0.9875633842260628,0.8982550857252743,0.8930540242557883,9100%,Embedding-Attention-d64,100pEmbedding-Baseline-d20 vs 100pEmbedding-Attention-d64,-0.00384975277653965,9428
102,HLA-C*06:02,0.9795371465167856,0.8550336547369006,0.8635946392509638,9100%,Embedding-d20,0.9795950867605716,0.8509294469577205,0.8623095281806499,9100%,Embedding-Attention-d64,100pEmbedding-Baseline-d20 vs 100pEmbedding-Attention-d64,-0.00410420777918008,28286
17,HLA-A*23:01,0.9903963147371738,0.921971723292992,0.9065824468085106,9100%,Embedding-d20,0.9899627984092704,0.9178119104936556,0.90625,9100%,Embedding-Attention-d64,100pEmbedding-Baseline-d20 vs 100pEmbedding-Attention-d64,-0.004159812799336415,15629
88,HLA-B*53:01,0.9718237087970786,0.8213074496158232,0.8580152671755725,9100%,Embedding-d20,0.970726536637614,0.8170414089533021,0.850381679389313,9100%,Embedding-Attention-d64,100pEmbedding-Baseline-d20 vs 100pEmbedding-Attention-d64,-0.00426604066252112,3406
106,HLA-C*08:02,0.9936118744208724,0.9372231699511376,0.9207862981704944,9100%,Embedding-d20,0.9931964188111162,0.932939433647026,0.9180615025301674,9100%,Embedding-Attention-d64,100pEmbedding-Baseline-d20 vs 100pEmbedding-Attention-d64,-0.004283736304111607,26689
104,HLA-C*07:02,0.9845652718021592,0.8694249759667209,0.8781793842034806,9100%,Embedding-d20,0.9839793221435368,0.8648497635753191,0.8721552878179384,9100%,Embedding-Attention-d64,100pEmbedding-Baseline-d20 vs 100pEmbedding-Attention-d64,-0.004575212391401795,15525
66,HLA-B*35:03,0.9958051944512576,0.9590934692357308,0.9376543209876544,9100%,Embedding-d20,0.9951975626595444,0.9539848654148384,0.9367283950617284,9100%,Embedding-Attention-d64,100pEmbedding-Baseline-d20 vs 100pEmbedding-Attention-d64,-0.005108603820892399,16830
20,HLA-A*24:06,0.9805711915142838,0.9219837964469318,0.9008264462809916,9100%,Embedding-d20,0.9792249625821566,0.9165500748356868,0.9132231404958676,9100%,Embedding-Attention-d64,100pEmbedding-Baseline-d20 vs 100pEmbedding-Attention-d64,-0.0054337216112450015,1258
87,HLA-B*52:01,0.9853774954679118,0.9129754463719328,0.902676399026764,9100%,Embedding-d20,0.9838057136735148,0.9074551795496388,0.902676399026764,9100%,Embedding-Attention-d64,100pEmbedding-Baseline-d20 vs 100pEmbedding-Attention-d64,-0.0055202668222940066,2137
109,HLA-C*15:02,0.9916599676381056,0.9188830733622024,0.9033270558694289,9100%,Embedding-d20,0.9909658412449472,0.9121575679118128,0.9001883239171374,9100%,Embedding-Attention-d64,100pEmbedding-Baseline-d20 vs 100pEmbedding-Attention-d64,-0.006725505450389635,8279
49,HLA-B*15:11,0.994091703820264,0.9524521374246,0.924119241192412,9100%,Embedding-d20,0.9937752425911356,0.9440903925168284,0.924119241192412,9100%,Embedding-Attention-d64,100pEmbedding-Baseline-d20 vs 100pEmbedding-Attention-d64,-0.00836174490777164,3838
46,HLA-B*15:02,0.9883816717126872,0.8838167171268708,0.8720379146919431,9100%,Embedding-d20,0.9874937147625518,0.8749371476255176,0.8672985781990521,9100%,Embedding-Attention-d64,100pEmbedding-Baseline-d20 vs 100pEmbedding-Attention-d64,-0.008879569501353268,1097
50,HLA-B*15:17,0.9560694960105912,0.659002254782744,0.7633587786259542,9100%,Embedding-d20,0.9552834815201828,0.650029359953024,0.7506361323155216,9100%,Embedding-Attention-d64,100pEmbedding-Baseline-d20 vs 100pEmbedding-Attention-d64,-0.008972894829719968,2044
103,HLA-C*07:01,0.9854255095552412,0.8706443207146928,0.8761329305135952,9100%,Embedding-d20,0.9843725833642748,0.8614213578610227,0.8692666849766547,9100%,Embedding-Attention-d64,100pEmbedding-Baseline-d20 vs 100pEmbedding-Attention-d64,-0.00922296285367008,18918
30,HLA-A*32:01,0.9883475296013886,0.9072725394168576,0.8978209658421673,9100%,Embedding-d20,0.9871014092947328,0.897816316409398,0.8925206124852768,9100%,Embedding-Attention-d64,100pEmbedding-Baseline-d20 vs 100pEmbedding-Attention-d64,-0.00945622300745963,17646
72,HLA-B*39:24,0.996237462389678,0.9623746238967806,0.9404517453798767,9100%,Embedding-d20,0.9951505516849624,0.9515055168496248,0.944558521560575,9100%,Embedding-Attention-d64,100pEmbedding-Baseline-d20 vs 100pEmbedding-Attention-d64,-0.010869107047155824,2533
43,HLA-B*14:01,0.9970301930374526,0.9703019303745256,0.9473684210526316,9100%,Embedding-d20,0.9957515261508002,0.9587939283946544,0.9342105263157896,9100%,Embedding-Attention-d64,100pEmbedding-Baseline-d20 vs 100pEmbedding-Attention-d64,-0.01150800197987123,395
12,HLA-A*02:19,0.9854737276612276,0.860042735042735,0.8585858585858586,9100%,Embedding-d20,0.9843021561771562,0.8466758935508936,0.8585858585858586,9100%,Embedding-Attention-d64,100pEmbedding-Baseline-d20 vs 100pEmbedding-Attention-d64,-0.013366841491841419,1030
27,HLA-A*30:01,0.9464076826190227,0.6883383416888572,0.7611832611832612,9100%,Embedding-d20,0.943222356108954,0.6739634935511225,0.7582972582972582,9100%,Embedding-Attention-d64,100pEmbedding-Baseline-d20 vs 100pEmbedding-Attention-d64,-0.014374848137734708,7206
34,HLA-A*66:01,0.921178413139828,0.5456678543495264,0.6621621621621622,9100%,Embedding-d20,0.9120535326323108,0.5290692621882334,0.6621621621621622,9100%,Embedding-Attention-d64,100pEmbedding-Baseline-d20 vs 100pEmbedding-Attention-d64,-0.016598592161293002,385
39,HLA-A*80:01,0.9911262879289158,0.9180924473012572,0.9014084507042254,9100%,Embedding-d20,0.987711503922866,0.8993997542300786,0.9154929577464788,9100%,Embedding-Attention-d64,100pEmbedding-Baseline-d20 vs 100pEmbedding-Attention-d64,-0.0186926930711786,738
80,HLA-B*45:06,0.9699070699708456,0.7779761904761904,0.8214285714285714,9100%,Embedding-d20,0.9661078717201168,0.7543002915451894,0.8071428571428572,9100%,Embedding-Attention-d64,100pEmbedding-Baseline-d20 vs 100pEmbedding-Attention-d64,-0.02367589893100097,1456
64,HLA-B*27:20,0.9780464950247646,0.7868457453928874,0.8356164383561644,9100%,Embedding-d20,0.9758600687162554,0.758734549997769,0.8356164383561644,9100%,Embedding-Attention-d64,100pEmbedding-Baseline-d20 vs 100pEmbedding-Attention-d64,-0.028111195395118416,380
32,HLA-A*32:15,0.9894007914075748,0.8979649519502544,0.896551724137931,9100%,Embedding-d20,0.9868569813453928,0.8685698134539288,0.896551724137931,9100%,Embedding-Attention-d64,100pEmbedding-Baseline-d20 vs 100pEmbedding-Attention-d64,-0.02939513849632558,302
24,HLA-A*26:02,0.958995421492055,0.7632642068408296,0.7978723404255319,9100%,Embedding-d20,0.9558712631295448,0.7337732291947213,0.8138297872340425,9100%,Embedding-Attention-d64,100pEmbedding-Baseline-d20 vs 100pEmbedding-Attention-d64,-0.029490977646108307,978
8,HLA-A*02:11,0.9570936139332366,0.6879048815887288,0.7621951219512195,9100%,Embedding-d20,0.9502393890049206,0.6561426953166483,0.7439024390243902,9100%,Embedding-Attention-d64,100pEmbedding-Baseline-d20 vs 100pEmbedding-Attention-d64,-0.031762186272080495,1706
52,HLA-B*15:42,0.954616374481035,0.6892242493766476,0.7597173144876325,9100%,Embedding-d20,0.9468003221521188,0.631712369274296,0.7243816254416962,9100%,Embedding-Attention-d64,100pEmbedding-Baseline-d20 vs 100pEmbedding-Attention-d64,-0.05751188010235164,1472
